{
    "element": [
        {
            "SUBJECT": "ENGL",
            "APTITUDE_SCORE": 1140,
            "SAT_VERBAL_SCORE": 660,
            "ENROLLMENT": 11,
            "CUM_GPA": 2.8725,
            "RMN_SCORE_PARTIAL": 105.73976330510393,
            "RC_FTPT": "1",
            "ACADEMIC_RISK": "1",
            "SAT_MATH_SCORE": 480,
            "RC_CLASS": "4",
            "R_ASN_SUB": 0.4988662142831433,
            "R_ASSMT_TAKE": 0.44000000440000003,
            "R_ASSMT_SUB": 0.46315792886426843,
            "R_FORUM_POST": 0.44147158298005645,
            "AGE": 21,
            "RC_GENDER": "1",
            "ACADEMIC_STANDING": "1",
            "SEM_GPA": 2.225,
            "R_ASN_READ": 0.23719677061340746,
            "R_SESSIONS": 0.4275210086278997,
            "R_CONTENT_READ": 0.46833422257318147,
            "R_LESSONS_VIEW": 0.6349745336459885,
            "COURSE": "ENGL_ScoringTest",
            "ALTERNATIVE_ID": "20d8c565-98ad-48de-90ef-Test1",
            "R_FORUM_READ": 0.39169140279477693
        },
        {
            "SUBJECT": "ENGL",
            "APTITUDE_SCORE": 1132.57,
            "SAT_VERBAL_SCORE": 559.18,
            "ENROLLMENT": 11,
            "CUM_GPA": 3.7118,
            "RMN_SCORE_PARTIAL": 96.5449965129165,
            "RC_FTPT": "1",
            "ACADEMIC_RISK": "2",
            "SAT_MATH_SCORE": 572.43,
            "RC_CLASS": "4",
            "R_ASN_SUB": 0.6734693892822435,
            "R_ASSMT_TAKE": 0.6600000066,
            "R_ASSMT_SUB": 0.6947368932964026,
            "R_FORUM_POST": 0.3311036872350423,
            "AGE": 24,
            "RC_GENDER": "2",
            "ACADEMIC_STANDING": "0",
            "SEM_GPA": 0,
            "R_ASN_READ": 0.8894878898002779,
            "R_SESSIONS": 0.5459558826396828,
            "R_CONTENT_READ": 0.5093134670483349,
            "R_LESSONS_VIEW": 0.39219015313428707,
            "COURSE": "ENGL_ScoringTest",
            "ALTERNATIVE_ID": "4e75bdf6-550b-44af-a73b-Test3",
            "R_FORUM_READ": 0.29376855209608266
        },
        {
            "SUBJECT": "ENGL",
            "APTITUDE_SCORE": 1090,
            "SAT_VERBAL_SCORE": 550,
            "ENROLLMENT": 11,
            "CUM_GPA": 2.5391,
            "RMN_SCORE_PARTIAL": 95.01253766442908,
            "RC_FTPT": "1",
            "ACADEMIC_RISK": "1",
            "SAT_MATH_SCORE": 540,
            "RC_CLASS": "2",
            "R_ASN_SUB": 0.897959185709658,
            "R_ASSMT_TAKE": 0.8800000088000001,
            "R_ASSMT_SUB": 0.9263158577285369,
            "R_FORUM_POST": 0.29431438865337095,
            "AGE": 20,
            "RC_GENDER": "2",
            "ACADEMIC_STANDING": "1",
            "SEM_GPA": 2.46,
            "R_ASN_READ": 0.5929919265335186,
            "R_SESSIONS": 0.5257352943937685,
            "R_CONTENT_READ": 0.32783395580122704,
            "R_LESSONS_VIEW": 0.3984153936602281,
            "COURSE": "ENGL_ScoringTest",
            "ALTERNATIVE_ID": "65b74009-2fa9-41b1-ba9f-Test4",
            "R_FORUM_READ": 0.2611276018631846
        },
        {
            "SUBJECT": "ENGL",
            "APTITUDE_SCORE": 1230,
            "SAT_VERBAL_SCORE": 680,
            "ENROLLMENT": 11,
            "CUM_GPA": 3.444,
            "RMN_SCORE_PARTIAL": 109.41766454147374,
            "RC_FTPT": "1",
            "ACADEMIC_RISK": "2",
            "SAT_MATH_SCORE": 550,
            "RC_CLASS": "3",
            "R_ASN_SUB": 1.2471655357078584,
            "R_ASSMT_TAKE": 1.100000011,
            "R_ASSMT_SUB": 1.157894822160671,
            "R_FORUM_POST": 0.5518394787250706,
            "AGE": 20,
            "RC_GENDER": "1",
            "ACADEMIC_STANDING": "1",
            "SEM_GPA": 3.34,
            "R_ASN_READ": 1.0377358714336575,
            "R_SESSIONS": 1.2998949586659112,
            "R_CONTENT_READ": 2.166045779400964,
            "R_LESSONS_VIEW": 1.6652518406892347,
            "COURSE": "ENGL_ScoringTest",
            "ALTERNATIVE_ID": "a9b6ea00-e2f6-46cf-ac45-Test9",
            "R_FORUM_READ": 0.48961425349347115
        },
        {
            "SUBJECT": "ENGL",
            "APTITUDE_SCORE": 1170,
            "SAT_VERBAL_SCORE": 630,
            "ENROLLMENT": 11,
            "CUM_GPA": 3.4588,
            "RMN_SCORE_PARTIAL": 108.4981892323813,
            "RC_FTPT": "1",
            "ACADEMIC_RISK": "2",
            "SAT_MATH_SCORE": 540,
            "RC_CLASS": "2",
            "R_ASN_SUB": 1.346938778564487,
            "R_ASSMT_TAKE": 1.3200000132,
            "R_ASSMT_SUB": 1.3894737865928053,
            "R_FORUM_POST": 0.6622073744700846,
            "AGE": 21,
            "RC_GENDER": "1",
            "ACADEMIC_STANDING": "2",
            "SEM_GPA": 3.7167,
            "R_ASN_READ": 1.9568733575606114,
            "R_SESSIONS": 1.1352415972348957,
            "R_CONTENT_READ": 1.088877067482647,
            "R_LESSONS_VIEW": 1.3073005104476236,
            "COURSE": "ENGL_ScoringTest",
            "ALTERNATIVE_ID": "ab4f4f49-91dd-4f8f-b6b3-Test10",
            "R_FORUM_READ": 0.5875371041921653
        },
        {
            "SUBJECT": "ENGL",
            "APTITUDE_SCORE": 1410,
            "SAT_VERBAL_SCORE": 730,
            "ENROLLMENT": 11,
            "CUM_GPA": 3.44,
            "RMN_SCORE_PARTIAL": 98.38395124148028,
            "RC_FTPT": "1",
            "ACADEMIC_RISK": "2",
            "SAT_MATH_SCORE": 680,
            "RC_CLASS": "3",
            "R_ASN_SUB": 1.2471655357078584,
            "R_ASSMT_TAKE": 1.100000011,
            "R_ASSMT_SUB": 1.157894822160671,
            "R_FORUM_POST": 0.5518394787250706,
            "AGE": 20,
            "RC_GENDER": "2",
            "ACADEMIC_STANDING": "2",
            "SEM_GPA": 3.68,
            "R_ASN_READ": 1.1859838530670372,
            "R_SESSIONS": 0.8665966391106075,
            "R_CONTENT_READ": 1.2293773342546015,
            "R_LESSONS_VIEW": 1.1516694972990968,
            "COURSE": "ENGL_ScoringTest",
            "ALTERNATIVE_ID": "4d56b7b2-2206-48e3-af46-Test2",
            "R_FORUM_READ": 0.48961425349347115
        },
        {
            "SUBJECT": "ENGL",
            "APTITUDE_SCORE": 1132.57,
            "SAT_VERBAL_SCORE": 559.18,
            "ENROLLMENT": 11,
            "CUM_GPA": 1.5833,
            "RMN_SCORE_PARTIAL": 88.26971188045297,
            "RC_FTPT": "1",
            "ACADEMIC_RISK": "1",
            "SAT_MATH_SCORE": 572.43,
            "RC_CLASS": "3",
            "R_ASN_SUB": 0.6235827678539292,
            "R_ASSMT_TAKE": 1.100000011,
            "R_ASSMT_SUB": 1.157894822160671,
            "R_FORUM_POST": 5.150501801433991,
            "AGE": 22,
            "RC_GENDER": "2",
            "ACADEMIC_STANDING": "1",
            "SEM_GPA": 2.325,
            "R_ASN_READ": 0.8894878898002779,
            "R_SESSIONS": 1.6898634462656845,
            "R_CONTENT_READ": 0.7610431116814199,
            "R_LESSONS_VIEW": 0.6380871539089591,
            "COURSE": "ENGL_ScoringTest",
            "ALTERNATIVE_ID": "9a1240b4-b811-4bab-b3d4-Test8",
            "R_FORUM_READ": 4.896142534934711
        },
        {
            "SUBJECT": "ENGL",
            "APTITUDE_SCORE": 1200,
            "SAT_VERBAL_SCORE": 570,
            "ENROLLMENT": 11,
            "CUM_GPA": 3.36,
            "RMN_SCORE_PARTIAL": 100.22290459991774,
            "RC_FTPT": "1",
            "ACADEMIC_RISK": "2",
            "SAT_MATH_SCORE": 630,
            "RC_CLASS": "4",
            "R_ASN_SUB": 1.2471655357078584,
            "R_ASSMT_TAKE": 1.6500000165000002,
            "R_ASSMT_SUB": 1.157894822160671,
            "R_FORUM_POST": 0.5518394787250706,
            "AGE": 22,
            "RC_GENDER": "1",
            "ACADEMIC_STANDING": "1",
            "SEM_GPA": 3.52,
            "R_ASN_READ": 0.7412399081668983,
            "R_SESSIONS": 0.7654936978810366,
            "R_CONTENT_READ": 1.112293778611306,
            "R_LESSONS_VIEW": 1.2294850038733602,